subject,experiment,session,comparison,source_a,source_b,n_common_channels,n_exact_diff_channels,n_close_diff_channels,mean_abs_diff,max_abs_diff,mean_signed_diff,std_diff,mse,n_samples_compared,exact_diff_channels,close_diff_channels
LTP607,ValueCourier,1,BIDS vs CMLReader,BIDS,CMLReader,137,0,0,0.0,0.0,0.0,0.0,0.0,10852352,[],[]
LTP607,ValueCourier,1,BIDS vs PYEDFLIB,BIDS,PYEDFLIB,137,133,1,49749.95620437956,6815744.0,49749.95620437956,6.428718088240055e-19,339082965500.2628,10852352,"['A1', 'A10', 'A11', 'A12', 'A13', 'A14', 'A15', 'A16', 'A17', 'A18', 'A19', 'A2', 'A20', 'A21', 'A22', 'A23', 'A24', 'A25', 'A26', 'A27', 'A28', 'A29', 'A3', 'A30', 'A31', 'A32', 'A4', 'A5', 'A6', 'A7', 'A8', 'A9', 'B1', 'B10', 'B11', 'B12', 'B13', 'B14', 'B15', 'B16', 'B17', 'B18', 'B19', 'B2', 'B20', 'B21', 'B22', 'B23', 'B24', 'B25', 'B26', 'B27', 'B28', 'B29', 'B3', 'B30', 'B31', 'B32', 'B4', 'B5', 'B6', 'B7', 'B8', 'B9', 'C1', 'C10', 'C11', 'C12', 'C13', 'C14', 'C15', 'C16', 'C17', 'C18', 'C19', 'C2', 'C20', 'C21', 'C22', 'C23', 'C24', 'C25', 'C26', 'C27', 'C28', 'C29', 'C3', 'C30', 'C31', 'C32', 'C4', 'C5', 'C6', 'C7', 'C8', 'C9', 'D1', 'D10', 'D11', 'D12', 'D13', 'D14', 'D15', 'D16', 'D17', 'D18', 'D19', 'D2', 'D20', 'D21', 'D22', 'D23', 'D24', 'D25', 'D26', 'D27', 'D28', 'D29', 'D3', 'D30', 'D31', 'D32', 'D4', 'D5', 'D6', 'D7', 'D8', 'D9', 'EXG1', 'EXG2', 'EXG3', 'EXG4', 'Status']",['Status']
LTP607,ValueCourier,1,CMLReader vs PYEDFLIB,CMLReader,PYEDFLIB,137,133,1,49749.95620437956,6815744.0,49749.95620437956,6.428718088240055e-19,339082965500.2628,10852352,"['A1', 'A10', 'A11', 'A12', 'A13', 'A14', 'A15', 'A16', 'A17', 'A18', 'A19', 'A2', 'A20', 'A21', 'A22', 'A23', 'A24', 'A25', 'A26', 'A27', 'A28', 'A29', 'A3', 'A30', 'A31', 'A32', 'A4', 'A5', 'A6', 'A7', 'A8', 'A9', 'B1', 'B10', 'B11', 'B12', 'B13', 'B14', 'B15', 'B16', 'B17', 'B18', 'B19', 'B2', 'B20', 'B21', 'B22', 'B23', 'B24', 'B25', 'B26', 'B27', 'B28', 'B29', 'B3', 'B30', 'B31', 'B32', 'B4', 'B5', 'B6', 'B7', 'B8', 'B9', 'C1', 'C10', 'C11', 'C12', 'C13', 'C14', 'C15', 'C16', 'C17', 'C18', 'C19', 'C2', 'C20', 'C21', 'C22', 'C23', 'C24', 'C25', 'C26', 'C27', 'C28', 'C29', 'C3', 'C30', 'C31', 'C32', 'C4', 'C5', 'C6', 'C7', 'C8', 'C9', 'D1', 'D10', 'D11', 'D12', 'D13', 'D14', 'D15', 'D16', 'D17', 'D18', 'D19', 'D2', 'D20', 'D21', 'D22', 'D23', 'D24', 'D25', 'D26', 'D27', 'D28', 'D29', 'D3', 'D30', 'D31', 'D32', 'D4', 'D5', 'D6', 'D7', 'D8', 'D9', 'EXG1', 'EXG2', 'EXG3', 'EXG4', 'Status']",['Status']
LTP607,ValueCourier,5,BIDS vs CMLReader,BIDS,CMLReader,137,0,0,0.0,0.0,0.0,0.0,0.0,9558016,[],[]
LTP607,ValueCourier,5,BIDS vs PYEDFLIB,BIDS,PYEDFLIB,137,133,1,49749.95620437956,6815744.0,49749.95620437956,3.3083720509467573e-19,339082965500.2628,9558016,"['A1', 'A10', 'A11', 'A12', 'A13', 'A14', 'A15', 'A16', 'A17', 'A18', 'A19', 'A2', 'A20', 'A21', 'A22', 'A23', 'A24', 'A25', 'A26', 'A27', 'A28', 'A29', 'A3', 'A30', 'A31', 'A32', 'A4', 'A5', 'A6', 'A7', 'A8', 'A9', 'B1', 'B10', 'B11', 'B12', 'B13', 'B14', 'B15', 'B16', 'B17', 'B18', 'B19', 'B2', 'B20', 'B21', 'B22', 'B23', 'B24', 'B25', 'B26', 'B27', 'B28', 'B29', 'B3', 'B30', 'B31', 'B32', 'B4', 'B5', 'B6', 'B7', 'B8', 'B9', 'C1', 'C10', 'C11', 'C12', 'C13', 'C14', 'C15', 'C16', 'C17', 'C18', 'C19', 'C2', 'C20', 'C21', 'C22', 'C23', 'C24', 'C25', 'C26', 'C27', 'C28', 'C29', 'C3', 'C30', 'C31', 'C32', 'C4', 'C5', 'C6', 'C7', 'C8', 'C9', 'D1', 'D10', 'D11', 'D12', 'D13', 'D14', 'D15', 'D16', 'D17', 'D18', 'D19', 'D2', 'D20', 'D21', 'D22', 'D23', 'D24', 'D25', 'D26', 'D27', 'D28', 'D29', 'D3', 'D30', 'D31', 'D32', 'D4', 'D5', 'D6', 'D7', 'D8', 'D9', 'EXG1', 'EXG2', 'EXG3', 'EXG4', 'Status']",['Status']
LTP607,ValueCourier,5,CMLReader vs PYEDFLIB,CMLReader,PYEDFLIB,137,133,1,49749.95620437956,6815744.0,49749.95620437956,3.3083720509467573e-19,339082965500.2628,9558016,"['A1', 'A10', 'A11', 'A12', 'A13', 'A14', 'A15', 'A16', 'A17', 'A18', 'A19', 'A2', 'A20', 'A21', 'A22', 'A23', 'A24', 'A25', 'A26', 'A27', 'A28', 'A29', 'A3', 'A30', 'A31', 'A32', 'A4', 'A5', 'A6', 'A7', 'A8', 'A9', 'B1', 'B10', 'B11', 'B12', 'B13', 'B14', 'B15', 'B16', 'B17', 'B18', 'B19', 'B2', 'B20', 'B21', 'B22', 'B23', 'B24', 'B25', 'B26', 'B27', 'B28', 'B29', 'B3', 'B30', 'B31', 'B32', 'B4', 'B5', 'B6', 'B7', 'B8', 'B9', 'C1', 'C10', 'C11', 'C12', 'C13', 'C14', 'C15', 'C16', 'C17', 'C18', 'C19', 'C2', 'C20', 'C21', 'C22', 'C23', 'C24', 'C25', 'C26', 'C27', 'C28', 'C29', 'C3', 'C30', 'C31', 'C32', 'C4', 'C5', 'C6', 'C7', 'C8', 'C9', 'D1', 'D10', 'D11', 'D12', 'D13', 'D14', 'D15', 'D16', 'D17', 'D18', 'D19', 'D2', 'D20', 'D21', 'D22', 'D23', 'D24', 'D25', 'D26', 'D27', 'D28', 'D29', 'D3', 'D30', 'D31', 'D32', 'D4', 'D5', 'D6', 'D7', 'D8', 'D9', 'EXG1', 'EXG2', 'EXG3', 'EXG4', 'Status']",['Status']
LTP606,ValueCourier,1,BIDS vs CMLReader,BIDS,CMLReader,137,0,0,0.0,0.0,0.0,0.0,0.0,11229184,[],[]
LTP606,ValueCourier,1,BIDS vs PYEDFLIB,BIDS,PYEDFLIB,137,133,1,49749.95620437956,6815744.0,49749.95620437956,3.5448944512728017e-19,339082965500.2628,11229184,"['A1', 'A10', 'A11', 'A12', 'A13', 'A14', 'A15', 'A16', 'A17', 'A18', 'A19', 'A2', 'A20', 'A21', 'A22', 'A23', 'A24', 'A25', 'A26', 'A27', 'A28', 'A29', 'A3', 'A30', 'A31', 'A32', 'A4', 'A5', 'A6', 'A7', 'A8', 'A9', 'B1', 'B10', 'B11', 'B12', 'B13', 'B14', 'B15', 'B16', 'B17', 'B18', 'B19', 'B2', 'B20', 'B21', 'B22', 'B23', 'B24', 'B25', 'B26', 'B27', 'B28', 'B29', 'B3', 'B30', 'B31', 'B32', 'B4', 'B5', 'B6', 'B7', 'B8', 'B9', 'C1', 'C10', 'C11', 'C12', 'C13', 'C14', 'C15', 'C16', 'C17', 'C18', 'C19', 'C2', 'C20', 'C21', 'C22', 'C23', 'C24', 'C25', 'C26', 'C27', 'C28', 'C29', 'C3', 'C30', 'C31', 'C32', 'C4', 'C5', 'C6', 'C7', 'C8', 'C9', 'D1', 'D10', 'D11', 'D12', 'D13', 'D14', 'D15', 'D16', 'D17', 'D18', 'D19', 'D2', 'D20', 'D21', 'D22', 'D23', 'D24', 'D25', 'D26', 'D27', 'D28', 'D29', 'D3', 'D30', 'D31', 'D32', 'D4', 'D5', 'D6', 'D7', 'D8', 'D9', 'EXG1', 'EXG2', 'EXG3', 'EXG4', 'Status']",['Status']
LTP606,ValueCourier,1,CMLReader vs PYEDFLIB,CMLReader,PYEDFLIB,137,133,1,49749.95620437956,6815744.0,49749.95620437956,3.5448944512728017e-19,339082965500.2628,11229184,"['A1', 'A10', 'A11', 'A12', 'A13', 'A14', 'A15', 'A16', 'A17', 'A18', 'A19', 'A2', 'A20', 'A21', 'A22', 'A23', 'A24', 'A25', 'A26', 'A27', 'A28', 'A29', 'A3', 'A30', 'A31', 'A32', 'A4', 'A5', 'A6', 'A7', 'A8', 'A9', 'B1', 'B10', 'B11', 'B12', 'B13', 'B14', 'B15', 'B16', 'B17', 'B18', 'B19', 'B2', 'B20', 'B21', 'B22', 'B23', 'B24', 'B25', 'B26', 'B27', 'B28', 'B29', 'B3', 'B30', 'B31', 'B32', 'B4', 'B5', 'B6', 'B7', 'B8', 'B9', 'C1', 'C10', 'C11', 'C12', 'C13', 'C14', 'C15', 'C16', 'C17', 'C18', 'C19', 'C2', 'C20', 'C21', 'C22', 'C23', 'C24', 'C25', 'C26', 'C27', 'C28', 'C29', 'C3', 'C30', 'C31', 'C32', 'C4', 'C5', 'C6', 'C7', 'C8', 'C9', 'D1', 'D10', 'D11', 'D12', 'D13', 'D14', 'D15', 'D16', 'D17', 'D18', 'D19', 'D2', 'D20', 'D21', 'D22', 'D23', 'D24', 'D25', 'D26', 'D27', 'D28', 'D29', 'D3', 'D30', 'D31', 'D32', 'D4', 'D5', 'D6', 'D7', 'D8', 'D9', 'EXG1', 'EXG2', 'EXG3', 'EXG4', 'Status']",['Status']
LTP609,ValueCourier,4,BIDS vs CMLReader,BIDS,CMLReader,137,0,0,0.0,0.0,0.0,0.0,0.0,9816064,[],[]
LTP609,ValueCourier,4,BIDS vs PYEDFLIB,BIDS,PYEDFLIB,137,133,1,49749.95620437956,6815744.0,49749.95620437956,3.854810912227834e-19,339082965500.2628,9816064,"['A1', 'A10', 'A11', 'A12', 'A13', 'A14', 'A15', 'A16', 'A17', 'A18', 'A19', 'A2', 'A20', 'A21', 'A22', 'A23', 'A24', 'A25', 'A26', 'A27', 'A28', 'A29', 'A3', 'A30', 'A31', 'A32', 'A4', 'A5', 'A6', 'A7', 'A8', 'A9', 'B1', 'B10', 'B11', 'B12', 'B13', 'B14', 'B15', 'B16', 'B17', 'B18', 'B19', 'B2', 'B20', 'B21', 'B22', 'B23', 'B24', 'B25', 'B26', 'B27', 'B28', 'B29', 'B3', 'B30', 'B31', 'B32', 'B4', 'B5', 'B6', 'B7', 'B8', 'B9', 'C1', 'C10', 'C11', 'C12', 'C13', 'C14', 'C15', 'C16', 'C17', 'C18', 'C19', 'C2', 'C20', 'C21', 'C22', 'C23', 'C24', 'C25', 'C26', 'C27', 'C28', 'C29', 'C3', 'C30', 'C31', 'C32', 'C4', 'C5', 'C6', 'C7', 'C8', 'C9', 'D1', 'D10', 'D11', 'D12', 'D13', 'D14', 'D15', 'D16', 'D17', 'D18', 'D19', 'D2', 'D20', 'D21', 'D22', 'D23', 'D24', 'D25', 'D26', 'D27', 'D28', 'D29', 'D3', 'D30', 'D31', 'D32', 'D4', 'D5', 'D6', 'D7', 'D8', 'D9', 'EXG1', 'EXG2', 'EXG3', 'EXG4', 'Status']",['Status']
LTP609,ValueCourier,4,CMLReader vs PYEDFLIB,CMLReader,PYEDFLIB,137,133,1,49749.95620437956,6815744.0,49749.95620437956,3.854810912227834e-19,339082965500.2628,9816064,"['A1', 'A10', 'A11', 'A12', 'A13', 'A14', 'A15', 'A16', 'A17', 'A18', 'A19', 'A2', 'A20', 'A21', 'A22', 'A23', 'A24', 'A25', 'A26', 'A27', 'A28', 'A29', 'A3', 'A30', 'A31', 'A32', 'A4', 'A5', 'A6', 'A7', 'A8', 'A9', 'B1', 'B10', 'B11', 'B12', 'B13', 'B14', 'B15', 'B16', 'B17', 'B18', 'B19', 'B2', 'B20', 'B21', 'B22', 'B23', 'B24', 'B25', 'B26', 'B27', 'B28', 'B29', 'B3', 'B30', 'B31', 'B32', 'B4', 'B5', 'B6', 'B7', 'B8', 'B9', 'C1', 'C10', 'C11', 'C12', 'C13', 'C14', 'C15', 'C16', 'C17', 'C18', 'C19', 'C2', 'C20', 'C21', 'C22', 'C23', 'C24', 'C25', 'C26', 'C27', 'C28', 'C29', 'C3', 'C30', 'C31', 'C32', 'C4', 'C5', 'C6', 'C7', 'C8', 'C9', 'D1', 'D10', 'D11', 'D12', 'D13', 'D14', 'D15', 'D16', 'D17', 'D18', 'D19', 'D2', 'D20', 'D21', 'D22', 'D23', 'D24', 'D25', 'D26', 'D27', 'D28', 'D29', 'D3', 'D30', 'D31', 'D32', 'D4', 'D5', 'D6', 'D7', 'D8', 'D9', 'EXG1', 'EXG2', 'EXG3', 'EXG4', 'Status']",['Status']
LTP609,ValueCourier,0,BIDS vs CMLReader,BIDS,CMLReader,137,0,0,0.0,0.0,0.0,0.0,0.0,11370496,[],[]
LTP609,ValueCourier,0,BIDS vs PYEDFLIB,BIDS,PYEDFLIB,137,133,1,49749.95620437956,6815744.0,49749.95620437956,5.99676867605378e-19,339082965500.2628,11370496,"['A1', 'A10', 'A11', 'A12', 'A13', 'A14', 'A15', 'A16', 'A17', 'A18', 'A19', 'A2', 'A20', 'A21', 'A22', 'A23', 'A24', 'A25', 'A26', 'A27', 'A28', 'A29', 'A3', 'A30', 'A31', 'A32', 'A4', 'A5', 'A6', 'A7', 'A8', 'A9', 'B1', 'B10', 'B11', 'B12', 'B13', 'B14', 'B15', 'B16', 'B17', 'B18', 'B19', 'B2', 'B20', 'B21', 'B22', 'B23', 'B24', 'B25', 'B26', 'B27', 'B28', 'B29', 'B3', 'B30', 'B31', 'B32', 'B4', 'B5', 'B6', 'B7', 'B8', 'B9', 'C1', 'C10', 'C11', 'C12', 'C13', 'C14', 'C15', 'C16', 'C17', 'C18', 'C19', 'C2', 'C20', 'C21', 'C22', 'C23', 'C24', 'C25', 'C26', 'C27', 'C28', 'C29', 'C3', 'C30', 'C31', 'C32', 'C4', 'C5', 'C6', 'C7', 'C8', 'C9', 'D1', 'D10', 'D11', 'D12', 'D13', 'D14', 'D15', 'D16', 'D17', 'D18', 'D19', 'D2', 'D20', 'D21', 'D22', 'D23', 'D24', 'D25', 'D26', 'D27', 'D28', 'D29', 'D3', 'D30', 'D31', 'D32', 'D4', 'D5', 'D6', 'D7', 'D8', 'D9', 'EXG1', 'EXG2', 'EXG3', 'EXG4', 'Status']",['Status']
LTP609,ValueCourier,0,CMLReader vs PYEDFLIB,CMLReader,PYEDFLIB,137,133,1,49749.95620437956,6815744.0,49749.95620437956,5.99676867605378e-19,339082965500.2628,11370496,"['A1', 'A10', 'A11', 'A12', 'A13', 'A14', 'A15', 'A16', 'A17', 'A18', 'A19', 'A2', 'A20', 'A21', 'A22', 'A23', 'A24', 'A25', 'A26', 'A27', 'A28', 'A29', 'A3', 'A30', 'A31', 'A32', 'A4', 'A5', 'A6', 'A7', 'A8', 'A9', 'B1', 'B10', 'B11', 'B12', 'B13', 'B14', 'B15', 'B16', 'B17', 'B18', 'B19', 'B2', 'B20', 'B21', 'B22', 'B23', 'B24', 'B25', 'B26', 'B27', 'B28', 'B29', 'B3', 'B30', 'B31', 'B32', 'B4', 'B5', 'B6', 'B7', 'B8', 'B9', 'C1', 'C10', 'C11', 'C12', 'C13', 'C14', 'C15', 'C16', 'C17', 'C18', 'C19', 'C2', 'C20', 'C21', 'C22', 'C23', 'C24', 'C25', 'C26', 'C27', 'C28', 'C29', 'C3', 'C30', 'C31', 'C32', 'C4', 'C5', 'C6', 'C7', 'C8', 'C9', 'D1', 'D10', 'D11', 'D12', 'D13', 'D14', 'D15', 'D16', 'D17', 'D18', 'D19', 'D2', 'D20', 'D21', 'D22', 'D23', 'D24', 'D25', 'D26', 'D27', 'D28', 'D29', 'D3', 'D30', 'D31', 'D32', 'D4', 'D5', 'D6', 'D7', 'D8', 'D9', 'EXG1', 'EXG2', 'EXG3', 'EXG4', 'Status']",['Status']
LTP610,ValueCourier,3,BIDS vs CMLReader,BIDS,CMLReader,137,0,0,0.0,0.0,0.0,0.0,0.0,12349440,[],[]
LTP610,ValueCourier,3,BIDS vs PYEDFLIB,BIDS,PYEDFLIB,137,133,1,49749.95620437956,6815744.0,49749.95620437956,1.1314853655025518e-18,339082965500.2628,12349440,"['A1', 'A10', 'A11', 'A12', 'A13', 'A14', 'A15', 'A16', 'A17', 'A18', 'A19', 'A2', 'A20', 'A21', 'A22', 'A23', 'A24', 'A25', 'A26', 'A27', 'A28', 'A29', 'A3', 'A30', 'A31', 'A32', 'A4', 'A5', 'A6', 'A7', 'A8', 'A9', 'B1', 'B10', 'B11', 'B12', 'B13', 'B14', 'B15', 'B16', 'B17', 'B18', 'B19', 'B2', 'B20', 'B21', 'B22', 'B23', 'B24', 'B25', 'B26', 'B27', 'B28', 'B29', 'B3', 'B30', 'B31', 'B32', 'B4', 'B5', 'B6', 'B7', 'B8', 'B9', 'C1', 'C10', 'C11', 'C12', 'C13', 'C14', 'C15', 'C16', 'C17', 'C18', 'C19', 'C2', 'C20', 'C21', 'C22', 'C23', 'C24', 'C25', 'C26', 'C27', 'C28', 'C29', 'C3', 'C30', 'C31', 'C32', 'C4', 'C5', 'C6', 'C7', 'C8', 'C9', 'D1', 'D10', 'D11', 'D12', 'D13', 'D14', 'D15', 'D16', 'D17', 'D18', 'D19', 'D2', 'D20', 'D21', 'D22', 'D23', 'D24', 'D25', 'D26', 'D27', 'D28', 'D29', 'D3', 'D30', 'D31', 'D32', 'D4', 'D5', 'D6', 'D7', 'D8', 'D9', 'EXG1', 'EXG2', 'EXG3', 'EXG4', 'Status']",['Status']
LTP610,ValueCourier,3,CMLReader vs PYEDFLIB,CMLReader,PYEDFLIB,137,133,1,49749.95620437956,6815744.0,49749.95620437956,1.1314853655025518e-18,339082965500.2628,12349440,"['A1', 'A10', 'A11', 'A12', 'A13', 'A14', 'A15', 'A16', 'A17', 'A18', 'A19', 'A2', 'A20', 'A21', 'A22', 'A23', 'A24', 'A25', 'A26', 'A27', 'A28', 'A29', 'A3', 'A30', 'A31', 'A32', 'A4', 'A5', 'A6', 'A7', 'A8', 'A9', 'B1', 'B10', 'B11', 'B12', 'B13', 'B14', 'B15', 'B16', 'B17', 'B18', 'B19', 'B2', 'B20', 'B21', 'B22', 'B23', 'B24', 'B25', 'B26', 'B27', 'B28', 'B29', 'B3', 'B30', 'B31', 'B32', 'B4', 'B5', 'B6', 'B7', 'B8', 'B9', 'C1', 'C10', 'C11', 'C12', 'C13', 'C14', 'C15', 'C16', 'C17', 'C18', 'C19', 'C2', 'C20', 'C21', 'C22', 'C23', 'C24', 'C25', 'C26', 'C27', 'C28', 'C29', 'C3', 'C30', 'C31', 'C32', 'C4', 'C5', 'C6', 'C7', 'C8', 'C9', 'D1', 'D10', 'D11', 'D12', 'D13', 'D14', 'D15', 'D16', 'D17', 'D18', 'D19', 'D2', 'D20', 'D21', 'D22', 'D23', 'D24', 'D25', 'D26', 'D27', 'D28', 'D29', 'D3', 'D30', 'D31', 'D32', 'D4', 'D5', 'D6', 'D7', 'D8', 'D9', 'EXG1', 'EXG2', 'EXG3', 'EXG4', 'Status']",['Status']
LTP610,ValueCourier,2,BIDS vs CMLReader,BIDS,CMLReader,137,0,0,0.0,0.0,0.0,0.0,0.0,12568576,[],[]
LTP610,ValueCourier,2,BIDS vs PYEDFLIB,BIDS,PYEDFLIB,137,133,1,49749.95620437956,6815744.0,49749.95620437956,3.8698565850824354e-19,339082965500.2628,12568576,"['A1', 'A10', 'A11', 'A12', 'A13', 'A14', 'A15', 'A16', 'A17', 'A18', 'A19', 'A2', 'A20', 'A21', 'A22', 'A23', 'A24', 'A25', 'A26', 'A27', 'A28', 'A29', 'A3', 'A30', 'A31', 'A32', 'A4', 'A5', 'A6', 'A7', 'A8', 'A9', 'B1', 'B10', 'B11', 'B12', 'B13', 'B14', 'B15', 'B16', 'B17', 'B18', 'B19', 'B2', 'B20', 'B21', 'B22', 'B23', 'B24', 'B25', 'B26', 'B27', 'B28', 'B29', 'B3', 'B30', 'B31', 'B32', 'B4', 'B5', 'B6', 'B7', 'B8', 'B9', 'C1', 'C10', 'C11', 'C12', 'C13', 'C14', 'C15', 'C16', 'C17', 'C18', 'C19', 'C2', 'C20', 'C21', 'C22', 'C23', 'C24', 'C25', 'C26', 'C27', 'C28', 'C29', 'C3', 'C30', 'C31', 'C32', 'C4', 'C5', 'C6', 'C7', 'C8', 'C9', 'D1', 'D10', 'D11', 'D12', 'D13', 'D14', 'D15', 'D16', 'D17', 'D18', 'D19', 'D2', 'D20', 'D21', 'D22', 'D23', 'D24', 'D25', 'D26', 'D27', 'D28', 'D29', 'D3', 'D30', 'D31', 'D32', 'D4', 'D5', 'D6', 'D7', 'D8', 'D9', 'EXG1', 'EXG2', 'EXG3', 'EXG4', 'Status']",['Status']
LTP610,ValueCourier,2,CMLReader vs PYEDFLIB,CMLReader,PYEDFLIB,137,133,1,49749.95620437956,6815744.0,49749.95620437956,3.8698565850824354e-19,339082965500.2628,12568576,"['A1', 'A10', 'A11', 'A12', 'A13', 'A14', 'A15', 'A16', 'A17', 'A18', 'A19', 'A2', 'A20', 'A21', 'A22', 'A23', 'A24', 'A25', 'A26', 'A27', 'A28', 'A29', 'A3', 'A30', 'A31', 'A32', 'A4', 'A5', 'A6', 'A7', 'A8', 'A9', 'B1', 'B10', 'B11', 'B12', 'B13', 'B14', 'B15', 'B16', 'B17', 'B18', 'B19', 'B2', 'B20', 'B21', 'B22', 'B23', 'B24', 'B25', 'B26', 'B27', 'B28', 'B29', 'B3', 'B30', 'B31', 'B32', 'B4', 'B5', 'B6', 'B7', 'B8', 'B9', 'C1', 'C10', 'C11', 'C12', 'C13', 'C14', 'C15', 'C16', 'C17', 'C18', 'C19', 'C2', 'C20', 'C21', 'C22', 'C23', 'C24', 'C25', 'C26', 'C27', 'C28', 'C29', 'C3', 'C30', 'C31', 'C32', 'C4', 'C5', 'C6', 'C7', 'C8', 'C9', 'D1', 'D10', 'D11', 'D12', 'D13', 'D14', 'D15', 'D16', 'D17', 'D18', 'D19', 'D2', 'D20', 'D21', 'D22', 'D23', 'D24', 'D25', 'D26', 'D27', 'D28', 'D29', 'D3', 'D30', 'D31', 'D32', 'D4', 'D5', 'D6', 'D7', 'D8', 'D9', 'EXG1', 'EXG2', 'EXG3', 'EXG4', 'Status']",['Status']
LTP606,ValueCourier,4,BIDS vs CMLReader,BIDS,CMLReader,137,0,0,0.0,0.0,0.0,0.0,0.0,9787392,[],[]
LTP606,ValueCourier,4,BIDS vs PYEDFLIB,BIDS,PYEDFLIB,137,133,1,49749.95620437956,6815744.0,49749.95620437956,3.1091437418771823e-19,339082965500.2628,9787392,"['A1', 'A10', 'A11', 'A12', 'A13', 'A14', 'A15', 'A16', 'A17', 'A18', 'A19', 'A2', 'A20', 'A21', 'A22', 'A23', 'A24', 'A25', 'A26', 'A27', 'A28', 'A29', 'A3', 'A30', 'A31', 'A32', 'A4', 'A5', 'A6', 'A7', 'A8', 'A9', 'B1', 'B10', 'B11', 'B12', 'B13', 'B14', 'B15', 'B16', 'B17', 'B18', 'B19', 'B2', 'B20', 'B21', 'B22', 'B23', 'B24', 'B25', 'B26', 'B27', 'B28', 'B29', 'B3', 'B30', 'B31', 'B32', 'B4', 'B5', 'B6', 'B7', 'B8', 'B9', 'C1', 'C10', 'C11', 'C12', 'C13', 'C14', 'C15', 'C16', 'C17', 'C18', 'C19', 'C2', 'C20', 'C21', 'C22', 'C23', 'C24', 'C25', 'C26', 'C27', 'C28', 'C29', 'C3', 'C30', 'C31', 'C32', 'C4', 'C5', 'C6', 'C7', 'C8', 'C9', 'D1', 'D10', 'D11', 'D12', 'D13', 'D14', 'D15', 'D16', 'D17', 'D18', 'D19', 'D2', 'D20', 'D21', 'D22', 'D23', 'D24', 'D25', 'D26', 'D27', 'D28', 'D29', 'D3', 'D30', 'D31', 'D32', 'D4', 'D5', 'D6', 'D7', 'D8', 'D9', 'EXG1', 'EXG2', 'EXG3', 'EXG4', 'Status']",['Status']
LTP606,ValueCourier,4,CMLReader vs PYEDFLIB,CMLReader,PYEDFLIB,137,133,1,49749.95620437956,6815744.0,49749.95620437956,3.1091437418771823e-19,339082965500.2628,9787392,"['A1', 'A10', 'A11', 'A12', 'A13', 'A14', 'A15', 'A16', 'A17', 'A18', 'A19', 'A2', 'A20', 'A21', 'A22', 'A23', 'A24', 'A25', 'A26', 'A27', 'A28', 'A29', 'A3', 'A30', 'A31', 'A32', 'A4', 'A5', 'A6', 'A7', 'A8', 'A9', 'B1', 'B10', 'B11', 'B12', 'B13', 'B14', 'B15', 'B16', 'B17', 'B18', 'B19', 'B2', 'B20', 'B21', 'B22', 'B23', 'B24', 'B25', 'B26', 'B27', 'B28', 'B29', 'B3', 'B30', 'B31', 'B32', 'B4', 'B5', 'B6', 'B7', 'B8', 'B9', 'C1', 'C10', 'C11', 'C12', 'C13', 'C14', 'C15', 'C16', 'C17', 'C18', 'C19', 'C2', 'C20', 'C21', 'C22', 'C23', 'C24', 'C25', 'C26', 'C27', 'C28', 'C29', 'C3', 'C30', 'C31', 'C32', 'C4', 'C5', 'C6', 'C7', 'C8', 'C9', 'D1', 'D10', 'D11', 'D12', 'D13', 'D14', 'D15', 'D16', 'D17', 'D18', 'D19', 'D2', 'D20', 'D21', 'D22', 'D23', 'D24', 'D25', 'D26', 'D27', 'D28', 'D29', 'D3', 'D30', 'D31', 'D32', 'D4', 'D5', 'D6', 'D7', 'D8', 'D9', 'EXG1', 'EXG2', 'EXG3', 'EXG4', 'Status']",['Status']
LTP606,ValueCourier,5,BIDS vs CMLReader,BIDS,CMLReader,137,0,0,0.0,0.0,0.0,0.0,0.0,5785600,[],[]
LTP606,ValueCourier,5,BIDS vs PYEDFLIB,BIDS,PYEDFLIB,137,133,1,49749.95620437956,6815744.0,49749.95620437956,2.9238345342009873e-19,339082965500.2628,5785600,"['A1', 'A10', 'A11', 'A12', 'A13', 'A14', 'A15', 'A16', 'A17', 'A18', 'A19', 'A2', 'A20', 'A21', 'A22', 'A23', 'A24', 'A25', 'A26', 'A27', 'A28', 'A29', 'A3', 'A30', 'A31', 'A32', 'A4', 'A5', 'A6', 'A7', 'A8', 'A9', 'B1', 'B10', 'B11', 'B12', 'B13', 'B14', 'B15', 'B16', 'B17', 'B18', 'B19', 'B2', 'B20', 'B21', 'B22', 'B23', 'B24', 'B25', 'B26', 'B27', 'B28', 'B29', 'B3', 'B30', 'B31', 'B32', 'B4', 'B5', 'B6', 'B7', 'B8', 'B9', 'C1', 'C10', 'C11', 'C12', 'C13', 'C14', 'C15', 'C16', 'C17', 'C18', 'C19', 'C2', 'C20', 'C21', 'C22', 'C23', 'C24', 'C25', 'C26', 'C27', 'C28', 'C29', 'C3', 'C30', 'C31', 'C32', 'C4', 'C5', 'C6', 'C7', 'C8', 'C9', 'D1', 'D10', 'D11', 'D12', 'D13', 'D14', 'D15', 'D16', 'D17', 'D18', 'D19', 'D2', 'D20', 'D21', 'D22', 'D23', 'D24', 'D25', 'D26', 'D27', 'D28', 'D29', 'D3', 'D30', 'D31', 'D32', 'D4', 'D5', 'D6', 'D7', 'D8', 'D9', 'EXG1', 'EXG2', 'EXG3', 'EXG4', 'Status']",['Status']
LTP606,ValueCourier,5,CMLReader vs PYEDFLIB,CMLReader,PYEDFLIB,137,133,1,49749.95620437956,6815744.0,49749.95620437956,2.9238345342009873e-19,339082965500.2628,5785600,"['A1', 'A10', 'A11', 'A12', 'A13', 'A14', 'A15', 'A16', 'A17', 'A18', 'A19', 'A2', 'A20', 'A21', 'A22', 'A23', 'A24', 'A25', 'A26', 'A27', 'A28', 'A29', 'A3', 'A30', 'A31', 'A32', 'A4', 'A5', 'A6', 'A7', 'A8', 'A9', 'B1', 'B10', 'B11', 'B12', 'B13', 'B14', 'B15', 'B16', 'B17', 'B18', 'B19', 'B2', 'B20', 'B21', 'B22', 'B23', 'B24', 'B25', 'B26', 'B27', 'B28', 'B29', 'B3', 'B30', 'B31', 'B32', 'B4', 'B5', 'B6', 'B7', 'B8', 'B9', 'C1', 'C10', 'C11', 'C12', 'C13', 'C14', 'C15', 'C16', 'C17', 'C18', 'C19', 'C2', 'C20', 'C21', 'C22', 'C23', 'C24', 'C25', 'C26', 'C27', 'C28', 'C29', 'C3', 'C30', 'C31', 'C32', 'C4', 'C5', 'C6', 'C7', 'C8', 'C9', 'D1', 'D10', 'D11', 'D12', 'D13', 'D14', 'D15', 'D16', 'D17', 'D18', 'D19', 'D2', 'D20', 'D21', 'D22', 'D23', 'D24', 'D25', 'D26', 'D27', 'D28', 'D29', 'D3', 'D30', 'D31', 'D32', 'D4', 'D5', 'D6', 'D7', 'D8', 'D9', 'EXG1', 'EXG2', 'EXG3', 'EXG4', 'Status']",['Status']
LTP606,ValueCourier,2,BIDS vs CMLReader,BIDS,CMLReader,137,0,0,0.0,0.0,0.0,0.0,0.0,10551296,[],[]
LTP606,ValueCourier,2,BIDS vs PYEDFLIB,BIDS,PYEDFLIB,137,133,1,49749.95620437956,6815744.0,49749.95620437956,3.768883418292457e-19,339082965500.2628,10551296,"['A1', 'A10', 'A11', 'A12', 'A13', 'A14', 'A15', 'A16', 'A17', 'A18', 'A19', 'A2', 'A20', 'A21', 'A22', 'A23', 'A24', 'A25', 'A26', 'A27', 'A28', 'A29', 'A3', 'A30', 'A31', 'A32', 'A4', 'A5', 'A6', 'A7', 'A8', 'A9', 'B1', 'B10', 'B11', 'B12', 'B13', 'B14', 'B15', 'B16', 'B17', 'B18', 'B19', 'B2', 'B20', 'B21', 'B22', 'B23', 'B24', 'B25', 'B26', 'B27', 'B28', 'B29', 'B3', 'B30', 'B31', 'B32', 'B4', 'B5', 'B6', 'B7', 'B8', 'B9', 'C1', 'C10', 'C11', 'C12', 'C13', 'C14', 'C15', 'C16', 'C17', 'C18', 'C19', 'C2', 'C20', 'C21', 'C22', 'C23', 'C24', 'C25', 'C26', 'C27', 'C28', 'C29', 'C3', 'C30', 'C31', 'C32', 'C4', 'C5', 'C6', 'C7', 'C8', 'C9', 'D1', 'D10', 'D11', 'D12', 'D13', 'D14', 'D15', 'D16', 'D17', 'D18', 'D19', 'D2', 'D20', 'D21', 'D22', 'D23', 'D24', 'D25', 'D26', 'D27', 'D28', 'D29', 'D3', 'D30', 'D31', 'D32', 'D4', 'D5', 'D6', 'D7', 'D8', 'D9', 'EXG1', 'EXG2', 'EXG3', 'EXG4', 'Status']",['Status']
LTP606,ValueCourier,2,CMLReader vs PYEDFLIB,CMLReader,PYEDFLIB,137,133,1,49749.95620437956,6815744.0,49749.95620437956,3.768883418292457e-19,339082965500.2628,10551296,"['A1', 'A10', 'A11', 'A12', 'A13', 'A14', 'A15', 'A16', 'A17', 'A18', 'A19', 'A2', 'A20', 'A21', 'A22', 'A23', 'A24', 'A25', 'A26', 'A27', 'A28', 'A29', 'A3', 'A30', 'A31', 'A32', 'A4', 'A5', 'A6', 'A7', 'A8', 'A9', 'B1', 'B10', 'B11', 'B12', 'B13', 'B14', 'B15', 'B16', 'B17', 'B18', 'B19', 'B2', 'B20', 'B21', 'B22', 'B23', 'B24', 'B25', 'B26', 'B27', 'B28', 'B29', 'B3', 'B30', 'B31', 'B32', 'B4', 'B5', 'B6', 'B7', 'B8', 'B9', 'C1', 'C10', 'C11', 'C12', 'C13', 'C14', 'C15', 'C16', 'C17', 'C18', 'C19', 'C2', 'C20', 'C21', 'C22', 'C23', 'C24', 'C25', 'C26', 'C27', 'C28', 'C29', 'C3', 'C30', 'C31', 'C32', 'C4', 'C5', 'C6', 'C7', 'C8', 'C9', 'D1', 'D10', 'D11', 'D12', 'D13', 'D14', 'D15', 'D16', 'D17', 'D18', 'D19', 'D2', 'D20', 'D21', 'D22', 'D23', 'D24', 'D25', 'D26', 'D27', 'D28', 'D29', 'D3', 'D30', 'D31', 'D32', 'D4', 'D5', 'D6', 'D7', 'D8', 'D9', 'EXG1', 'EXG2', 'EXG3', 'EXG4', 'Status']",['Status']
LTP609,ValueCourier,3,BIDS vs CMLReader,BIDS,CMLReader,137,0,0,0.0,0.0,0.0,0.0,0.0,10047488,[],[]
LTP609,ValueCourier,3,BIDS vs PYEDFLIB,BIDS,PYEDFLIB,137,133,1,49749.95620437956,6815744.0,49749.95620437956,4.429267358470158e-19,339082965500.2628,10047488,"['A1', 'A10', 'A11', 'A12', 'A13', 'A14', 'A15', 'A16', 'A17', 'A18', 'A19', 'A2', 'A20', 'A21', 'A22', 'A23', 'A24', 'A25', 'A26', 'A27', 'A28', 'A29', 'A3', 'A30', 'A31', 'A32', 'A4', 'A5', 'A6', 'A7', 'A8', 'A9', 'B1', 'B10', 'B11', 'B12', 'B13', 'B14', 'B15', 'B16', 'B17', 'B18', 'B19', 'B2', 'B20', 'B21', 'B22', 'B23', 'B24', 'B25', 'B26', 'B27', 'B28', 'B29', 'B3', 'B30', 'B31', 'B32', 'B4', 'B5', 'B6', 'B7', 'B8', 'B9', 'C1', 'C10', 'C11', 'C12', 'C13', 'C14', 'C15', 'C16', 'C17', 'C18', 'C19', 'C2', 'C20', 'C21', 'C22', 'C23', 'C24', 'C25', 'C26', 'C27', 'C28', 'C29', 'C3', 'C30', 'C31', 'C32', 'C4', 'C5', 'C6', 'C7', 'C8', 'C9', 'D1', 'D10', 'D11', 'D12', 'D13', 'D14', 'D15', 'D16', 'D17', 'D18', 'D19', 'D2', 'D20', 'D21', 'D22', 'D23', 'D24', 'D25', 'D26', 'D27', 'D28', 'D29', 'D3', 'D30', 'D31', 'D32', 'D4', 'D5', 'D6', 'D7', 'D8', 'D9', 'EXG1', 'EXG2', 'EXG3', 'EXG4', 'Status']",['Status']
LTP609,ValueCourier,3,CMLReader vs PYEDFLIB,CMLReader,PYEDFLIB,137,133,1,49749.95620437956,6815744.0,49749.95620437956,4.429267358470158e-19,339082965500.2628,10047488,"['A1', 'A10', 'A11', 'A12', 'A13', 'A14', 'A15', 'A16', 'A17', 'A18', 'A19', 'A2', 'A20', 'A21', 'A22', 'A23', 'A24', 'A25', 'A26', 'A27', 'A28', 'A29', 'A3', 'A30', 'A31', 'A32', 'A4', 'A5', 'A6', 'A7', 'A8', 'A9', 'B1', 'B10', 'B11', 'B12', 'B13', 'B14', 'B15', 'B16', 'B17', 'B18', 'B19', 'B2', 'B20', 'B21', 'B22', 'B23', 'B24', 'B25', 'B26', 'B27', 'B28', 'B29', 'B3', 'B30', 'B31', 'B32', 'B4', 'B5', 'B6', 'B7', 'B8', 'B9', 'C1', 'C10', 'C11', 'C12', 'C13', 'C14', 'C15', 'C16', 'C17', 'C18', 'C19', 'C2', 'C20', 'C21', 'C22', 'C23', 'C24', 'C25', 'C26', 'C27', 'C28', 'C29', 'C3', 'C30', 'C31', 'C32', 'C4', 'C5', 'C6', 'C7', 'C8', 'C9', 'D1', 'D10', 'D11', 'D12', 'D13', 'D14', 'D15', 'D16', 'D17', 'D18', 'D19', 'D2', 'D20', 'D21', 'D22', 'D23', 'D24', 'D25', 'D26', 'D27', 'D28', 'D29', 'D3', 'D30', 'D31', 'D32', 'D4', 'D5', 'D6', 'D7', 'D8', 'D9', 'EXG1', 'EXG2', 'EXG3', 'EXG4', 'Status']",['Status']
LTP607,ValueCourier,0,BIDS vs CMLReader,BIDS,CMLReader,137,0,0,0.0,0.0,0.0,0.0,0.0,11309056,[],[]
LTP607,ValueCourier,0,BIDS vs PYEDFLIB,BIDS,PYEDFLIB,137,133,1,49749.95620437956,6815744.0,49749.95620437956,5.126659684841924e-19,339082965500.2628,11309056,"['A1', 'A10', 'A11', 'A12', 'A13', 'A14', 'A15', 'A16', 'A17', 'A18', 'A19', 'A2', 'A20', 'A21', 'A22', 'A23', 'A24', 'A25', 'A26', 'A27', 'A28', 'A29', 'A3', 'A30', 'A31', 'A32', 'A4', 'A5', 'A6', 'A7', 'A8', 'A9', 'B1', 'B10', 'B11', 'B12', 'B13', 'B14', 'B15', 'B16', 'B17', 'B18', 'B19', 'B2', 'B20', 'B21', 'B22', 'B23', 'B24', 'B25', 'B26', 'B27', 'B28', 'B29', 'B3', 'B30', 'B31', 'B32', 'B4', 'B5', 'B6', 'B7', 'B8', 'B9', 'C1', 'C10', 'C11', 'C12', 'C13', 'C14', 'C15', 'C16', 'C17', 'C18', 'C19', 'C2', 'C20', 'C21', 'C22', 'C23', 'C24', 'C25', 'C26', 'C27', 'C28', 'C29', 'C3', 'C30', 'C31', 'C32', 'C4', 'C5', 'C6', 'C7', 'C8', 'C9', 'D1', 'D10', 'D11', 'D12', 'D13', 'D14', 'D15', 'D16', 'D17', 'D18', 'D19', 'D2', 'D20', 'D21', 'D22', 'D23', 'D24', 'D25', 'D26', 'D27', 'D28', 'D29', 'D3', 'D30', 'D31', 'D32', 'D4', 'D5', 'D6', 'D7', 'D8', 'D9', 'EXG1', 'EXG2', 'EXG3', 'EXG4', 'Status']",['Status']
LTP607,ValueCourier,0,CMLReader vs PYEDFLIB,CMLReader,PYEDFLIB,137,133,1,49749.95620437956,6815744.0,49749.95620437956,5.126659684841924e-19,339082965500.2628,11309056,"['A1', 'A10', 'A11', 'A12', 'A13', 'A14', 'A15', 'A16', 'A17', 'A18', 'A19', 'A2', 'A20', 'A21', 'A22', 'A23', 'A24', 'A25', 'A26', 'A27', 'A28', 'A29', 'A3', 'A30', 'A31', 'A32', 'A4', 'A5', 'A6', 'A7', 'A8', 'A9', 'B1', 'B10', 'B11', 'B12', 'B13', 'B14', 'B15', 'B16', 'B17', 'B18', 'B19', 'B2', 'B20', 'B21', 'B22', 'B23', 'B24', 'B25', 'B26', 'B27', 'B28', 'B29', 'B3', 'B30', 'B31', 'B32', 'B4', 'B5', 'B6', 'B7', 'B8', 'B9', 'C1', 'C10', 'C11', 'C12', 'C13', 'C14', 'C15', 'C16', 'C17', 'C18', 'C19', 'C2', 'C20', 'C21', 'C22', 'C23', 'C24', 'C25', 'C26', 'C27', 'C28', 'C29', 'C3', 'C30', 'C31', 'C32', 'C4', 'C5', 'C6', 'C7', 'C8', 'C9', 'D1', 'D10', 'D11', 'D12', 'D13', 'D14', 'D15', 'D16', 'D17', 'D18', 'D19', 'D2', 'D20', 'D21', 'D22', 'D23', 'D24', 'D25', 'D26', 'D27', 'D28', 'D29', 'D3', 'D30', 'D31', 'D32', 'D4', 'D5', 'D6', 'D7', 'D8', 'D9', 'EXG1', 'EXG2', 'EXG3', 'EXG4', 'Status']",['Status']
LTP606,ValueCourier,3,BIDS vs CMLReader,BIDS,CMLReader,137,0,0,0.0,0.0,0.0,0.0,0.0,9490432,[],[]
LTP606,ValueCourier,3,BIDS vs PYEDFLIB,BIDS,PYEDFLIB,137,133,1,49749.95620437956,6815744.0,49749.95620437956,3.0199258299720005e-19,339082965500.2628,9490432,"['A1', 'A10', 'A11', 'A12', 'A13', 'A14', 'A15', 'A16', 'A17', 'A18', 'A19', 'A2', 'A20', 'A21', 'A22', 'A23', 'A24', 'A25', 'A26', 'A27', 'A28', 'A29', 'A3', 'A30', 'A31', 'A32', 'A4', 'A5', 'A6', 'A7', 'A8', 'A9', 'B1', 'B10', 'B11', 'B12', 'B13', 'B14', 'B15', 'B16', 'B17', 'B18', 'B19', 'B2', 'B20', 'B21', 'B22', 'B23', 'B24', 'B25', 'B26', 'B27', 'B28', 'B29', 'B3', 'B30', 'B31', 'B32', 'B4', 'B5', 'B6', 'B7', 'B8', 'B9', 'C1', 'C10', 'C11', 'C12', 'C13', 'C14', 'C15', 'C16', 'C17', 'C18', 'C19', 'C2', 'C20', 'C21', 'C22', 'C23', 'C24', 'C25', 'C26', 'C27', 'C28', 'C29', 'C3', 'C30', 'C31', 'C32', 'C4', 'C5', 'C6', 'C7', 'C8', 'C9', 'D1', 'D10', 'D11', 'D12', 'D13', 'D14', 'D15', 'D16', 'D17', 'D18', 'D19', 'D2', 'D20', 'D21', 'D22', 'D23', 'D24', 'D25', 'D26', 'D27', 'D28', 'D29', 'D3', 'D30', 'D31', 'D32', 'D4', 'D5', 'D6', 'D7', 'D8', 'D9', 'EXG1', 'EXG2', 'EXG3', 'EXG4', 'Status']",['Status']
LTP606,ValueCourier,3,CMLReader vs PYEDFLIB,CMLReader,PYEDFLIB,137,133,1,49749.95620437956,6815744.0,49749.95620437956,3.0199258299720005e-19,339082965500.2628,9490432,"['A1', 'A10', 'A11', 'A12', 'A13', 'A14', 'A15', 'A16', 'A17', 'A18', 'A19', 'A2', 'A20', 'A21', 'A22', 'A23', 'A24', 'A25', 'A26', 'A27', 'A28', 'A29', 'A3', 'A30', 'A31', 'A32', 'A4', 'A5', 'A6', 'A7', 'A8', 'A9', 'B1', 'B10', 'B11', 'B12', 'B13', 'B14', 'B15', 'B16', 'B17', 'B18', 'B19', 'B2', 'B20', 'B21', 'B22', 'B23', 'B24', 'B25', 'B26', 'B27', 'B28', 'B29', 'B3', 'B30', 'B31', 'B32', 'B4', 'B5', 'B6', 'B7', 'B8', 'B9', 'C1', 'C10', 'C11', 'C12', 'C13', 'C14', 'C15', 'C16', 'C17', 'C18', 'C19', 'C2', 'C20', 'C21', 'C22', 'C23', 'C24', 'C25', 'C26', 'C27', 'C28', 'C29', 'C3', 'C30', 'C31', 'C32', 'C4', 'C5', 'C6', 'C7', 'C8', 'C9', 'D1', 'D10', 'D11', 'D12', 'D13', 'D14', 'D15', 'D16', 'D17', 'D18', 'D19', 'D2', 'D20', 'D21', 'D22', 'D23', 'D24', 'D25', 'D26', 'D27', 'D28', 'D29', 'D3', 'D30', 'D31', 'D32', 'D4', 'D5', 'D6', 'D7', 'D8', 'D9', 'EXG1', 'EXG2', 'EXG3', 'EXG4', 'Status']",['Status']
LTP606,ValueCourier,0,BIDS vs CMLReader,BIDS,CMLReader,137,0,0,0.0,0.0,0.0,0.0,0.0,10821632,[],[]
LTP606,ValueCourier,0,BIDS vs PYEDFLIB,BIDS,PYEDFLIB,137,133,1,49749.95620437956,6815744.0,49749.95620437956,4.476645144316174e-19,339082965500.2628,10821632,"['A1', 'A10', 'A11', 'A12', 'A13', 'A14', 'A15', 'A16', 'A17', 'A18', 'A19', 'A2', 'A20', 'A21', 'A22', 'A23', 'A24', 'A25', 'A26', 'A27', 'A28', 'A29', 'A3', 'A30', 'A31', 'A32', 'A4', 'A5', 'A6', 'A7', 'A8', 'A9', 'B1', 'B10', 'B11', 'B12', 'B13', 'B14', 'B15', 'B16', 'B17', 'B18', 'B19', 'B2', 'B20', 'B21', 'B22', 'B23', 'B24', 'B25', 'B26', 'B27', 'B28', 'B29', 'B3', 'B30', 'B31', 'B32', 'B4', 'B5', 'B6', 'B7', 'B8', 'B9', 'C1', 'C10', 'C11', 'C12', 'C13', 'C14', 'C15', 'C16', 'C17', 'C18', 'C19', 'C2', 'C20', 'C21', 'C22', 'C23', 'C24', 'C25', 'C26', 'C27', 'C28', 'C29', 'C3', 'C30', 'C31', 'C32', 'C4', 'C5', 'C6', 'C7', 'C8', 'C9', 'D1', 'D10', 'D11', 'D12', 'D13', 'D14', 'D15', 'D16', 'D17', 'D18', 'D19', 'D2', 'D20', 'D21', 'D22', 'D23', 'D24', 'D25', 'D26', 'D27', 'D28', 'D29', 'D3', 'D30', 'D31', 'D32', 'D4', 'D5', 'D6', 'D7', 'D8', 'D9', 'EXG1', 'EXG2', 'EXG3', 'EXG4', 'Status']",['Status']
LTP606,ValueCourier,0,CMLReader vs PYEDFLIB,CMLReader,PYEDFLIB,137,133,1,49749.95620437956,6815744.0,49749.95620437956,4.476645144316174e-19,339082965500.2628,10821632,"['A1', 'A10', 'A11', 'A12', 'A13', 'A14', 'A15', 'A16', 'A17', 'A18', 'A19', 'A2', 'A20', 'A21', 'A22', 'A23', 'A24', 'A25', 'A26', 'A27', 'A28', 'A29', 'A3', 'A30', 'A31', 'A32', 'A4', 'A5', 'A6', 'A7', 'A8', 'A9', 'B1', 'B10', 'B11', 'B12', 'B13', 'B14', 'B15', 'B16', 'B17', 'B18', 'B19', 'B2', 'B20', 'B21', 'B22', 'B23', 'B24', 'B25', 'B26', 'B27', 'B28', 'B29', 'B3', 'B30', 'B31', 'B32', 'B4', 'B5', 'B6', 'B7', 'B8', 'B9', 'C1', 'C10', 'C11', 'C12', 'C13', 'C14', 'C15', 'C16', 'C17', 'C18', 'C19', 'C2', 'C20', 'C21', 'C22', 'C23', 'C24', 'C25', 'C26', 'C27', 'C28', 'C29', 'C3', 'C30', 'C31', 'C32', 'C4', 'C5', 'C6', 'C7', 'C8', 'C9', 'D1', 'D10', 'D11', 'D12', 'D13', 'D14', 'D15', 'D16', 'D17', 'D18', 'D19', 'D2', 'D20', 'D21', 'D22', 'D23', 'D24', 'D25', 'D26', 'D27', 'D28', 'D29', 'D3', 'D30', 'D31', 'D32', 'D4', 'D5', 'D6', 'D7', 'D8', 'D9', 'EXG1', 'EXG2', 'EXG3', 'EXG4', 'Status']",['Status']
LTP609,ValueCourier,5,BIDS vs CMLReader,BIDS,CMLReader,137,0,0,0.0,0.0,0.0,0.0,0.0,10190848,[],[]
LTP609,ValueCourier,5,BIDS vs PYEDFLIB,BIDS,PYEDFLIB,137,133,1,49749.95620437956,6815744.0,49749.95620437956,9.867803917807969e-19,339082965500.2628,10190848,"['A1', 'A10', 'A11', 'A12', 'A13', 'A14', 'A15', 'A16', 'A17', 'A18', 'A19', 'A2', 'A20', 'A21', 'A22', 'A23', 'A24', 'A25', 'A26', 'A27', 'A28', 'A29', 'A3', 'A30', 'A31', 'A32', 'A4', 'A5', 'A6', 'A7', 'A8', 'A9', 'B1', 'B10', 'B11', 'B12', 'B13', 'B14', 'B15', 'B16', 'B17', 'B18', 'B19', 'B2', 'B20', 'B21', 'B22', 'B23', 'B24', 'B25', 'B26', 'B27', 'B28', 'B29', 'B3', 'B30', 'B31', 'B32', 'B4', 'B5', 'B6', 'B7', 'B8', 'B9', 'C1', 'C10', 'C11', 'C12', 'C13', 'C14', 'C15', 'C16', 'C17', 'C18', 'C19', 'C2', 'C20', 'C21', 'C22', 'C23', 'C24', 'C25', 'C26', 'C27', 'C28', 'C29', 'C3', 'C30', 'C31', 'C32', 'C4', 'C5', 'C6', 'C7', 'C8', 'C9', 'D1', 'D10', 'D11', 'D12', 'D13', 'D14', 'D15', 'D16', 'D17', 'D18', 'D19', 'D2', 'D20', 'D21', 'D22', 'D23', 'D24', 'D25', 'D26', 'D27', 'D28', 'D29', 'D3', 'D30', 'D31', 'D32', 'D4', 'D5', 'D6', 'D7', 'D8', 'D9', 'EXG1', 'EXG2', 'EXG3', 'EXG4', 'Status']",['Status']
LTP609,ValueCourier,5,CMLReader vs PYEDFLIB,CMLReader,PYEDFLIB,137,133,1,49749.95620437956,6815744.0,49749.95620437956,9.867803917807969e-19,339082965500.2628,10190848,"['A1', 'A10', 'A11', 'A12', 'A13', 'A14', 'A15', 'A16', 'A17', 'A18', 'A19', 'A2', 'A20', 'A21', 'A22', 'A23', 'A24', 'A25', 'A26', 'A27', 'A28', 'A29', 'A3', 'A30', 'A31', 'A32', 'A4', 'A5', 'A6', 'A7', 'A8', 'A9', 'B1', 'B10', 'B11', 'B12', 'B13', 'B14', 'B15', 'B16', 'B17', 'B18', 'B19', 'B2', 'B20', 'B21', 'B22', 'B23', 'B24', 'B25', 'B26', 'B27', 'B28', 'B29', 'B3', 'B30', 'B31', 'B32', 'B4', 'B5', 'B6', 'B7', 'B8', 'B9', 'C1', 'C10', 'C11', 'C12', 'C13', 'C14', 'C15', 'C16', 'C17', 'C18', 'C19', 'C2', 'C20', 'C21', 'C22', 'C23', 'C24', 'C25', 'C26', 'C27', 'C28', 'C29', 'C3', 'C30', 'C31', 'C32', 'C4', 'C5', 'C6', 'C7', 'C8', 'C9', 'D1', 'D10', 'D11', 'D12', 'D13', 'D14', 'D15', 'D16', 'D17', 'D18', 'D19', 'D2', 'D20', 'D21', 'D22', 'D23', 'D24', 'D25', 'D26', 'D27', 'D28', 'D29', 'D3', 'D30', 'D31', 'D32', 'D4', 'D5', 'D6', 'D7', 'D8', 'D9', 'EXG1', 'EXG2', 'EXG3', 'EXG4', 'Status']",['Status']
LTP607,ValueCourier,4,BIDS vs CMLReader,BIDS,CMLReader,137,0,0,0.0,0.0,0.0,0.0,0.0,10002432,[],[]
LTP607,ValueCourier,4,BIDS vs PYEDFLIB,BIDS,PYEDFLIB,137,133,1,49749.95620437956,6815744.0,49749.95620437956,3.7671411282111225e-19,339082965500.2628,10002432,"['A1', 'A10', 'A11', 'A12', 'A13', 'A14', 'A15', 'A16', 'A17', 'A18', 'A19', 'A2', 'A20', 'A21', 'A22', 'A23', 'A24', 'A25', 'A26', 'A27', 'A28', 'A29', 'A3', 'A30', 'A31', 'A32', 'A4', 'A5', 'A6', 'A7', 'A8', 'A9', 'B1', 'B10', 'B11', 'B12', 'B13', 'B14', 'B15', 'B16', 'B17', 'B18', 'B19', 'B2', 'B20', 'B21', 'B22', 'B23', 'B24', 'B25', 'B26', 'B27', 'B28', 'B29', 'B3', 'B30', 'B31', 'B32', 'B4', 'B5', 'B6', 'B7', 'B8', 'B9', 'C1', 'C10', 'C11', 'C12', 'C13', 'C14', 'C15', 'C16', 'C17', 'C18', 'C19', 'C2', 'C20', 'C21', 'C22', 'C23', 'C24', 'C25', 'C26', 'C27', 'C28', 'C29', 'C3', 'C30', 'C31', 'C32', 'C4', 'C5', 'C6', 'C7', 'C8', 'C9', 'D1', 'D10', 'D11', 'D12', 'D13', 'D14', 'D15', 'D16', 'D17', 'D18', 'D19', 'D2', 'D20', 'D21', 'D22', 'D23', 'D24', 'D25', 'D26', 'D27', 'D28', 'D29', 'D3', 'D30', 'D31', 'D32', 'D4', 'D5', 'D6', 'D7', 'D8', 'D9', 'EXG1', 'EXG2', 'EXG3', 'EXG4', 'Status']",['Status']
LTP607,ValueCourier,4,CMLReader vs PYEDFLIB,CMLReader,PYEDFLIB,137,133,1,49749.95620437956,6815744.0,49749.95620437956,3.7671411282111225e-19,339082965500.2628,10002432,"['A1', 'A10', 'A11', 'A12', 'A13', 'A14', 'A15', 'A16', 'A17', 'A18', 'A19', 'A2', 'A20', 'A21', 'A22', 'A23', 'A24', 'A25', 'A26', 'A27', 'A28', 'A29', 'A3', 'A30', 'A31', 'A32', 'A4', 'A5', 'A6', 'A7', 'A8', 'A9', 'B1', 'B10', 'B11', 'B12', 'B13', 'B14', 'B15', 'B16', 'B17', 'B18', 'B19', 'B2', 'B20', 'B21', 'B22', 'B23', 'B24', 'B25', 'B26', 'B27', 'B28', 'B29', 'B3', 'B30', 'B31', 'B32', 'B4', 'B5', 'B6', 'B7', 'B8', 'B9', 'C1', 'C10', 'C11', 'C12', 'C13', 'C14', 'C15', 'C16', 'C17', 'C18', 'C19', 'C2', 'C20', 'C21', 'C22', 'C23', 'C24', 'C25', 'C26', 'C27', 'C28', 'C29', 'C3', 'C30', 'C31', 'C32', 'C4', 'C5', 'C6', 'C7', 'C8', 'C9', 'D1', 'D10', 'D11', 'D12', 'D13', 'D14', 'D15', 'D16', 'D17', 'D18', 'D19', 'D2', 'D20', 'D21', 'D22', 'D23', 'D24', 'D25', 'D26', 'D27', 'D28', 'D29', 'D3', 'D30', 'D31', 'D32', 'D4', 'D5', 'D6', 'D7', 'D8', 'D9', 'EXG1', 'EXG2', 'EXG3', 'EXG4', 'Status']",['Status']
LTP610,ValueCourier,0,BIDS vs CMLReader,BIDS,CMLReader,137,0,0,0.0,0.0,0.0,0.0,0.0,12085248,[],[]
LTP610,ValueCourier,0,BIDS vs PYEDFLIB,BIDS,PYEDFLIB,137,133,1,49749.95620437956,6815744.0,49749.95620437956,8.75787136588441e-19,339082965500.2628,12085248,"['A1', 'A10', 'A11', 'A12', 'A13', 'A14', 'A15', 'A16', 'A17', 'A18', 'A19', 'A2', 'A20', 'A21', 'A22', 'A23', 'A24', 'A25', 'A26', 'A27', 'A28', 'A29', 'A3', 'A30', 'A31', 'A32', 'A4', 'A5', 'A6', 'A7', 'A8', 'A9', 'B1', 'B10', 'B11', 'B12', 'B13', 'B14', 'B15', 'B16', 'B17', 'B18', 'B19', 'B2', 'B20', 'B21', 'B22', 'B23', 'B24', 'B25', 'B26', 'B27', 'B28', 'B29', 'B3', 'B30', 'B31', 'B32', 'B4', 'B5', 'B6', 'B7', 'B8', 'B9', 'C1', 'C10', 'C11', 'C12', 'C13', 'C14', 'C15', 'C16', 'C17', 'C18', 'C19', 'C2', 'C20', 'C21', 'C22', 'C23', 'C24', 'C25', 'C26', 'C27', 'C28', 'C29', 'C3', 'C30', 'C31', 'C32', 'C4', 'C5', 'C6', 'C7', 'C8', 'C9', 'D1', 'D10', 'D11', 'D12', 'D13', 'D14', 'D15', 'D16', 'D17', 'D18', 'D19', 'D2', 'D20', 'D21', 'D22', 'D23', 'D24', 'D25', 'D26', 'D27', 'D28', 'D29', 'D3', 'D30', 'D31', 'D32', 'D4', 'D5', 'D6', 'D7', 'D8', 'D9', 'EXG1', 'EXG2', 'EXG3', 'EXG4', 'Status']",['Status']
LTP610,ValueCourier,0,CMLReader vs PYEDFLIB,CMLReader,PYEDFLIB,137,133,1,49749.95620437956,6815744.0,49749.95620437956,8.75787136588441e-19,339082965500.2628,12085248,"['A1', 'A10', 'A11', 'A12', 'A13', 'A14', 'A15', 'A16', 'A17', 'A18', 'A19', 'A2', 'A20', 'A21', 'A22', 'A23', 'A24', 'A25', 'A26', 'A27', 'A28', 'A29', 'A3', 'A30', 'A31', 'A32', 'A4', 'A5', 'A6', 'A7', 'A8', 'A9', 'B1', 'B10', 'B11', 'B12', 'B13', 'B14', 'B15', 'B16', 'B17', 'B18', 'B19', 'B2', 'B20', 'B21', 'B22', 'B23', 'B24', 'B25', 'B26', 'B27', 'B28', 'B29', 'B3', 'B30', 'B31', 'B32', 'B4', 'B5', 'B6', 'B7', 'B8', 'B9', 'C1', 'C10', 'C11', 'C12', 'C13', 'C14', 'C15', 'C16', 'C17', 'C18', 'C19', 'C2', 'C20', 'C21', 'C22', 'C23', 'C24', 'C25', 'C26', 'C27', 'C28', 'C29', 'C3', 'C30', 'C31', 'C32', 'C4', 'C5', 'C6', 'C7', 'C8', 'C9', 'D1', 'D10', 'D11', 'D12', 'D13', 'D14', 'D15', 'D16', 'D17', 'D18', 'D19', 'D2', 'D20', 'D21', 'D22', 'D23', 'D24', 'D25', 'D26', 'D27', 'D28', 'D29', 'D3', 'D30', 'D31', 'D32', 'D4', 'D5', 'D6', 'D7', 'D8', 'D9', 'EXG1', 'EXG2', 'EXG3', 'EXG4', 'Status']",['Status']
LTP610,ValueCourier,5,BIDS vs CMLReader,BIDS,CMLReader,137,0,0,0.0,0.0,0.0,0.0,0.0,11548672,[],[]
LTP610,ValueCourier,5,BIDS vs PYEDFLIB,BIDS,PYEDFLIB,137,133,1,49749.95620437956,6815744.0,49749.95620437956,7.332292373871519e-19,339082965500.2628,11548672,"['A1', 'A10', 'A11', 'A12', 'A13', 'A14', 'A15', 'A16', 'A17', 'A18', 'A19', 'A2', 'A20', 'A21', 'A22', 'A23', 'A24', 'A25', 'A26', 'A27', 'A28', 'A29', 'A3', 'A30', 'A31', 'A32', 'A4', 'A5', 'A6', 'A7', 'A8', 'A9', 'B1', 'B10', 'B11', 'B12', 'B13', 'B14', 'B15', 'B16', 'B17', 'B18', 'B19', 'B2', 'B20', 'B21', 'B22', 'B23', 'B24', 'B25', 'B26', 'B27', 'B28', 'B29', 'B3', 'B30', 'B31', 'B32', 'B4', 'B5', 'B6', 'B7', 'B8', 'B9', 'C1', 'C10', 'C11', 'C12', 'C13', 'C14', 'C15', 'C16', 'C17', 'C18', 'C19', 'C2', 'C20', 'C21', 'C22', 'C23', 'C24', 'C25', 'C26', 'C27', 'C28', 'C29', 'C3', 'C30', 'C31', 'C32', 'C4', 'C5', 'C6', 'C7', 'C8', 'C9', 'D1', 'D10', 'D11', 'D12', 'D13', 'D14', 'D15', 'D16', 'D17', 'D18', 'D19', 'D2', 'D20', 'D21', 'D22', 'D23', 'D24', 'D25', 'D26', 'D27', 'D28', 'D29', 'D3', 'D30', 'D31', 'D32', 'D4', 'D5', 'D6', 'D7', 'D8', 'D9', 'EXG1', 'EXG2', 'EXG3', 'EXG4', 'Status']",['Status']
LTP610,ValueCourier,5,CMLReader vs PYEDFLIB,CMLReader,PYEDFLIB,137,133,1,49749.95620437956,6815744.0,49749.95620437956,7.332292373871519e-19,339082965500.2628,11548672,"['A1', 'A10', 'A11', 'A12', 'A13', 'A14', 'A15', 'A16', 'A17', 'A18', 'A19', 'A2', 'A20', 'A21', 'A22', 'A23', 'A24', 'A25', 'A26', 'A27', 'A28', 'A29', 'A3', 'A30', 'A31', 'A32', 'A4', 'A5', 'A6', 'A7', 'A8', 'A9', 'B1', 'B10', 'B11', 'B12', 'B13', 'B14', 'B15', 'B16', 'B17', 'B18', 'B19', 'B2', 'B20', 'B21', 'B22', 'B23', 'B24', 'B25', 'B26', 'B27', 'B28', 'B29', 'B3', 'B30', 'B31', 'B32', 'B4', 'B5', 'B6', 'B7', 'B8', 'B9', 'C1', 'C10', 'C11', 'C12', 'C13', 'C14', 'C15', 'C16', 'C17', 'C18', 'C19', 'C2', 'C20', 'C21', 'C22', 'C23', 'C24', 'C25', 'C26', 'C27', 'C28', 'C29', 'C3', 'C30', 'C31', 'C32', 'C4', 'C5', 'C6', 'C7', 'C8', 'C9', 'D1', 'D10', 'D11', 'D12', 'D13', 'D14', 'D15', 'D16', 'D17', 'D18', 'D19', 'D2', 'D20', 'D21', 'D22', 'D23', 'D24', 'D25', 'D26', 'D27', 'D28', 'D29', 'D3', 'D30', 'D31', 'D32', 'D4', 'D5', 'D6', 'D7', 'D8', 'D9', 'EXG1', 'EXG2', 'EXG3', 'EXG4', 'Status']",['Status']
LTP612,ValueCourier,0,BIDS vs CMLReader,BIDS,CMLReader,137,0,0,0.0,0.0,0.0,0.0,0.0,12539904,[],[]
LTP612,ValueCourier,0,BIDS vs PYEDFLIB,BIDS,PYEDFLIB,137,133,1,49749.95620437956,6815744.0,49749.95620437956,6.343889667485308e-19,339082965500.2628,12539904,"['A1', 'A10', 'A11', 'A12', 'A13', 'A14', 'A15', 'A16', 'A17', 'A18', 'A19', 'A2', 'A20', 'A21', 'A22', 'A23', 'A24', 'A25', 'A26', 'A27', 'A28', 'A29', 'A3', 'A30', 'A31', 'A32', 'A4', 'A5', 'A6', 'A7', 'A8', 'A9', 'B1', 'B10', 'B11', 'B12', 'B13', 'B14', 'B15', 'B16', 'B17', 'B18', 'B19', 'B2', 'B20', 'B21', 'B22', 'B23', 'B24', 'B25', 'B26', 'B27', 'B28', 'B29', 'B3', 'B30', 'B31', 'B32', 'B4', 'B5', 'B6', 'B7', 'B8', 'B9', 'C1', 'C10', 'C11', 'C12', 'C13', 'C14', 'C15', 'C16', 'C17', 'C18', 'C19', 'C2', 'C20', 'C21', 'C22', 'C23', 'C24', 'C25', 'C26', 'C27', 'C28', 'C29', 'C3', 'C30', 'C31', 'C32', 'C4', 'C5', 'C6', 'C7', 'C8', 'C9', 'D1', 'D10', 'D11', 'D12', 'D13', 'D14', 'D15', 'D16', 'D17', 'D18', 'D19', 'D2', 'D20', 'D21', 'D22', 'D23', 'D24', 'D25', 'D26', 'D27', 'D28', 'D29', 'D3', 'D30', 'D31', 'D32', 'D4', 'D5', 'D6', 'D7', 'D8', 'D9', 'EXG1', 'EXG2', 'EXG3', 'EXG4', 'Status']",['Status']
LTP612,ValueCourier,0,CMLReader vs PYEDFLIB,CMLReader,PYEDFLIB,137,133,1,49749.95620437956,6815744.0,49749.95620437956,6.343889667485308e-19,339082965500.2628,12539904,"['A1', 'A10', 'A11', 'A12', 'A13', 'A14', 'A15', 'A16', 'A17', 'A18', 'A19', 'A2', 'A20', 'A21', 'A22', 'A23', 'A24', 'A25', 'A26', 'A27', 'A28', 'A29', 'A3', 'A30', 'A31', 'A32', 'A4', 'A5', 'A6', 'A7', 'A8', 'A9', 'B1', 'B10', 'B11', 'B12', 'B13', 'B14', 'B15', 'B16', 'B17', 'B18', 'B19', 'B2', 'B20', 'B21', 'B22', 'B23', 'B24', 'B25', 'B26', 'B27', 'B28', 'B29', 'B3', 'B30', 'B31', 'B32', 'B4', 'B5', 'B6', 'B7', 'B8', 'B9', 'C1', 'C10', 'C11', 'C12', 'C13', 'C14', 'C15', 'C16', 'C17', 'C18', 'C19', 'C2', 'C20', 'C21', 'C22', 'C23', 'C24', 'C25', 'C26', 'C27', 'C28', 'C29', 'C3', 'C30', 'C31', 'C32', 'C4', 'C5', 'C6', 'C7', 'C8', 'C9', 'D1', 'D10', 'D11', 'D12', 'D13', 'D14', 'D15', 'D16', 'D17', 'D18', 'D19', 'D2', 'D20', 'D21', 'D22', 'D23', 'D24', 'D25', 'D26', 'D27', 'D28', 'D29', 'D3', 'D30', 'D31', 'D32', 'D4', 'D5', 'D6', 'D7', 'D8', 'D9', 'EXG1', 'EXG2', 'EXG3', 'EXG4', 'Status']",['Status']
