,post_office,barber_shop,bakery,bike_shop,cafe,clothing_store,dentist,craft_shop,grocery_store,jewelry_store,florist,hardware_store,gym,pizzeria,pet_store,music_store,pharmacy,toy_store,bank,bookstore,noodle_house,party_store,burger_joint,gelateria,salon,tech_shop
post_office,0.0,5848.3409,2576.3201,4281.600399999999,2865.7376000000004,4348.4631,5919.325700000001,4143.2865,4138.9785,7733.932699999999,9334.2025,645.2581,1926.7862000000002,7532.266100000001,9631.362999999998,10526.381,5680.043,2626.1169,15087.8055,3149.4078000000004,4148.2998,6299.237999999999,1958.1408999999999,10194.2701,5015.039899999999,4192.5045
barber_shop,5848.340899999999,0.0,4716.281,6421.561299999999,7657.4345,6134.824200000001,10372.6486,9548.0674,6598.434800000001,9873.8936,12841.217,6050.039,7331.5671,11795.7636,15036.1439,12666.3419,7820.0039,5252.219800000001,17227.7664,8073.5487,4993.9449,8439.1989,6904.241799999999,12334.231,3195.0454000000013,7707.0834
bakery,2576.3201000000004,4716.281000000001,0.0,1705.2803,4998.4977,6481.2232,8052.085800000001,6276.046600000001,6271.7386,5157.6125999999995,9569.196199999998,2778.0182,4059.5463000000004,9665.0262,11764.1231,9394.3211,4547.9830999999995,4758.8769999999995,13955.7456,5282.1679,6281.0599,3722.9179,4090.901,9062.2102,6825.204600000002,6325.2645999999995
bike_shop,4281.6004,6421.561300000001,1705.2803,0.0,6703.778000000001,8186.503500000001,9757.366100000001,7981.3269,7977.018900000001,5393.788699999999,11274.4765,4483.2985,5764.8266,11370.306500000002,13469.4034,11099.6014,6253.2634,6464.1573,15661.0259,6987.448200000002,7986.340200000001,3959.094,5796.1813,10767.4905,8530.484900000001,8030.544900000001
cafe,2865.7376000000004,7657.434500000001,4998.4977,6703.777999999999,0.0,1736.8515000000002,3053.5881000000004,4676.060700000001,1273.2409000000002,10156.1103,9866.9767,3067.4357,3576.9238,4666.5285,10164.137200000001,12685.1018,8102.220599999999,3037.2345,17246.5263,1087.6694,2663.4896,8721.4156,929.9185,12352.9909,5621.922100000001,1326.7669
clothing_store,4348.463099999999,6134.824200000001,6481.223199999999,8186.503499999999,1736.8515000000002,0.0,4237.8244,6224.050400000001,463.61060000000003,11638.835799999999,11414.9664,4550.1612,5059.649299999999,5660.9394,11712.1269,14233.091499999999,9584.9461,1722.3462000000002,18794.516,2635.6591,1140.8793,10204.141099999999,2477.9082,13900.980599999999,4099.3118,1572.2592000000002
dentist,5919.3257,10372.648600000002,8052.085800000001,9757.366100000001,3053.5881000000004,4237.824400000001,0.0,3814.1706,3774.213800000001,13209.698400000001,9557.790799999999,6121.023800000001,6030.6709,2668.9634000000005,9854.9513,12375.9159,11155.8087,5960.170600000001,16937.3404,4141.257500000001,5378.703700000001,11775.003700000001,3983.5066000000006,12043.805,8337.1362,3827.7398000000003
craft_shop,4143.286499999999,9548.0674,6276.0466,7981.326899999999,4676.060700000001,6224.0504,3814.1706,0.0,5949.301600000001,11433.6592,5743.620199999999,4344.9846,2216.5002999999997,4012.437,6040.780699999999,8561.745299999999,9379.769499999999,5553.803399999999,13123.169800000001,3588.391300000001,6667.995099999999,9998.9645,4885.827399999999,8229.6344,8714.766399999999,6002.8276000000005
grocery_store,4138.9785,6598.434800000001,6271.738600000001,7977.0189,1273.2409000000002,463.61060000000003,3774.2138000000004,5949.301600000002,0.0,11429.351200000001,11140.2176,4340.676600000001,4850.164699999999,5197.3288,11437.378100000002,13958.342700000001,9375.4615,2185.9568000000004,18519.767200000002,2360.9103000000005,1604.4899000000003,9994.656500000001,2203.1594000000005,13626.231800000001,4562.9224,1108.6486
jewelry_store,7733.932699999999,9873.8936,5157.6125999999995,5393.788699999999,10156.110299999998,11638.835799999999,13209.6984,11433.659199999998,11429.3512,0.0,14726.808799999999,7935.6308,9217.158899999999,14822.638799999999,16921.735699999997,14551.9337,9705.5957,9916.489599999999,19113.358200000002,10439.780499999999,11438.672499999999,3023.1463000000003,9248.5136,14219.8228,11081.131000000001,11482.877199999999
florist,9334.2025,12841.216999999999,9569.196199999997,11274.476499999995,9866.9767,11414.9664,9557.790799999999,5743.620199999999,11140.2176,14726.808799999995,0.0,9535.900599999999,7407.416299999999,9756.0572,4032.156699999999,2818.1250999999997,5021.213099999999,10744.719399999998,7379.549600000001,8779.3073,11858.911099999998,13292.114099999995,10076.7434,2486.0142000000005,13905.682399999998,11193.7436
hardware_store,645.2581,6050.039000000001,2778.0182,4483.2985,3067.4357,4550.1612,6121.023800000001,4344.9846,4340.6766,7935.630799999999,9535.900599999999,0.0,2128.4843,7733.9642,9833.061099999999,10728.079099999999,5881.741099999999,2827.8149999999996,15289.5036,3351.1059,4349.997899999999,6500.936099999999,2159.839,10395.9682,4369.781799999999,4394.2026
gym,1926.7862000000002,7331.5671,4059.5463000000004,5764.8266,3576.9238,5059.6493,6030.670899999999,2216.5002999999997,4850.1647,9217.1589,7407.416299999999,2128.4843,0.0,6228.9373,7704.576799999999,10225.541399999998,7163.2692,3337.3031,14786.9659,3860.594,4859.486,7782.4642,2669.3271,9893.430499999999,6498.266099999999,4903.6907
pizzeria,7532.266100000001,11795.763600000002,9665.0262,11370.3065,4666.5285,5660.9394,2668.9634000000005,4012.4370000000004,5197.3288,14822.6388,9756.0572,7733.964200000001,6228.9373,0.0,10053.217699999997,12574.1823,12768.7491,7383.285600000001,17135.6068,5754.197900000001,6801.818700000001,13387.9441,5596.447,12242.0714,9760.2512,4088.6802000000002
pet_store,9631.363,15036.1439,11764.123099999997,13469.403399999997,10164.1372,11712.1269,9854.951299999999,6040.780699999999,11437.3781,16921.735699999997,4032.156699999999,9833.061099999999,7704.576799999999,10053.2177,0.0,6850.281799999999,9053.369799999999,11041.879899999998,8696.7359,9076.4678,12156.071599999997,15487.040999999997,10373.9039,4854.0287,14202.842899999998,11490.9041
music_store,10526.381,12666.3419,9394.321099999997,11099.601399999998,12685.101799999999,14233.091499999999,12375.915899999998,8561.745299999999,13958.3427,14551.933699999998,2818.1250999999997,10728.079099999999,10225.541399999998,12574.182299999999,6850.281799999999,0.0,4846.337999999999,12708.937899999999,4930.0443000000005,11597.4324,14231.120799999999,13117.238999999998,12040.9619,2311.1391,14775.2655,14011.868699999999
pharmacy,5680.042999999999,7820.0039,4547.9830999999995,6253.263399999999,8102.2206,9584.946099999997,11155.808700000001,9379.769499999999,9375.461500000001,9705.5957,5021.213099999999,5881.741099999999,7163.269199999999,12768.7491,9053.369799999997,4846.337999999999,0.0,7862.599899999998,9407.7625,8385.8908,9384.782799999997,8270.901,7194.623899999999,4514.2271,9928.9275,9428.987500000001
toy_store,2626.1169,5252.219800000002,4758.8769999999995,6464.157299999999,3037.2345,1722.3462,5960.170600000001,5553.8034,2185.9568,9916.489599999999,10744.719399999998,2827.8149999999996,3337.3030999999996,7383.285600000001,11041.8799,12708.937899999999,7862.599899999999,0.0,17270.362399999998,3320.9047,1522.1828999999998,8481.794899999999,2129.6378,12376.827,3216.707400000001,3294.6054000000004
bank,15087.8055,17227.7664,13955.745599999998,15661.025899999999,17246.5263,18794.516,16937.3404,13123.1698,18519.767200000002,19113.3582,7379.549600000001,15289.5036,14786.9659,17135.606799999998,8696.7359,4930.0443000000005,9407.7625,17270.3624,0.0,16158.8569,18792.545299999998,17678.6635,16602.3864,4893.535400000001,19336.690000000002,18573.2932
bookstore,3149.4078000000004,8073.548700000001,5282.1679,6987.4482,1087.6694000000002,2635.6591,4141.257500000001,3588.391300000001,2360.910300000001,10439.7805,8779.3073,3351.1059,3860.594,5754.197900000001,9076.4678,11597.432400000002,8385.8908,3320.9046999999996,16158.856900000002,0.0,3079.6037999999994,9005.0858,1346.0326999999997,11265.321500000002,6038.036300000001,2414.4363000000003
noodle_house,4148.299799999999,4993.944900000001,6281.059899999999,7986.340199999999,2663.4896,1140.8793,5378.7037,6667.9951,1604.4899,11438.672499999999,11858.9111,4349.997899999999,4859.485999999999,6801.8187,12156.0716,14231.120799999999,9384.782799999999,1522.1829,18792.545299999998,3079.6037999999994,0.0,10003.977799999999,2713.5649,13899.0099,2958.432500000001,2713.1385
party_store,6299.237999999999,8439.1989,3722.9179,3959.094,8721.415599999998,10204.141099999999,11775.0037,9998.9645,9994.6565,3023.1463000000003,13292.114099999999,6500.9361,7782.4642,13387.944099999999,15487.040999999997,13117.239,8270.901,8481.794899999999,17678.663500000002,9005.085799999999,10003.977799999999,0.0,7813.818899999999,12785.1281,10548.1225,10048.182499999999
burger_joint,1958.1408999999999,6904.241800000002,4090.901,5796.181299999999,929.9185,2477.9082,3983.5066000000006,4885.8274,2203.1594000000005,9248.5136,10076.743399999998,2159.839,2669.3271,5596.447,10373.903899999998,12040.961899999998,7194.623899999999,2129.6377999999995,16602.3864,1346.0326999999995,2713.5649,7813.8189,0.0,11708.850999999999,4868.729400000001,2256.6854
gelateria,10194.2701,12334.231,9062.210199999998,10767.490499999998,12352.9909,13900.9806,12043.804999999998,8229.634399999999,13626.231800000001,14219.822799999998,2486.0142000000005,10395.9682,9893.4305,12242.071399999999,4854.0287,2311.1391,4514.2271,12376.827,4893.535400000001,11265.321500000002,13899.0099,12785.128099999998,11708.851,0.0,14443.1546,13679.757800000001
salon,5015.039899999999,3195.0454000000013,6825.204600000001,8530.484900000001,5621.922100000001,4099.311800000001,8337.1362,8714.766399999999,4562.922400000001,11081.131000000003,13905.682399999996,4369.781799999999,6498.266099999999,9760.2512,14202.842899999996,14775.2655,9928.9275,3216.707400000001,19336.690000000002,6038.036300000001,2958.432500000001,10548.122500000001,4868.7294,14443.1546,0.0,5671.571000000001
tech_shop,4192.5045,7707.083400000001,6325.2646,8030.5449,1326.7669,1572.2592,3827.7398000000003,6002.827600000001,1108.6486,11482.8772,11193.7436,4394.2026000000005,4903.690699999999,4088.6802000000002,11490.9041,14011.868699999999,9428.9875,3294.6054,18573.2932,2414.4363000000003,2713.1385,10048.1825,2256.6854000000003,13679.7578,5671.571000000001,0.0
